{
  "version": 1,
  "author": "Anonymous maker",
  "editor": "wokwi",
  "parts": [
    { "type": "wokwi-arduino-uno", "id": "uno", "top": 125.4, "left": -106.2, "attrs": {} },
    {
      "type": "wokwi-led",
      "id": "led1",
      "top": -358.8,
      "left": -188.2,
      "attrs": { "color": "red" }
    },
    {
      "type": "wokwi-led",
      "id": "led2",
      "top": -310.8,
      "left": -188.2,
      "attrs": { "color": "yellow" }
    },
    {
      "type": "wokwi-led",
      "id": "led3",
      "top": -262.8,
      "left": -188.2,
      "attrs": { "color": "green" }
    },
    {
      "type": "wokwi-resistor",
      "id": "r1",
      "top": 81.6,
      "left": -10.15,
      "rotate": 90,
      "attrs": { "value": "150" }
    },
    {
      "type": "wokwi-resistor",
      "id": "r2",
      "top": 81.6,
      "left": -0.55,
      "rotate": 90,
      "attrs": { "value": "150" }
    },
    {
      "type": "wokwi-resistor",
      "id": "r3",
      "top": 81.6,
      "left": 37.85,
      "rotate": 90,
      "attrs": { "value": "150" }
    },
    {
      "type": "wokwi-led",
      "id": "led4",
      "top": -358.8,
      "left": 177,
      "attrs": { "color": "red", "flip": "1" }
    },
    {
      "type": "wokwi-led",
      "id": "led5",
      "top": -310.8,
      "left": 177,
      "attrs": { "color": "yellow", "flip": "1" }
    },
    {
      "type": "wokwi-led",
      "id": "led6",
      "top": -262.8,
      "left": 177,
      "attrs": { "color": "green", "flip": "1" }
    },
    {
      "type": "wokwi-led",
      "id": "led7",
      "top": -397.2,
      "left": -44.2,
      "attrs": { "color": "red" }
    },
    {
      "type": "wokwi-led",
      "id": "led8",
      "top": -397.2,
      "left": -5.8,
      "attrs": { "color": "yellow" }
    },
    {
      "type": "wokwi-led",
      "id": "led9",
      "top": -397.2,
      "left": 32.6,
      "attrs": { "color": "green" }
    },
    {
      "type": "wokwi-resistor",
      "id": "r4",
      "top": 81.6,
      "left": 57.05,
      "rotate": 90,
      "attrs": { "value": "150" }
    },
    {
      "type": "wokwi-resistor",
      "id": "r5",
      "top": 81.6,
      "left": 76.25,
      "rotate": 90,
      "attrs": { "value": "150" }
    },
    {
      "type": "wokwi-resistor",
      "id": "r6",
      "top": 81.6,
      "left": 105.05,
      "rotate": 90,
      "attrs": { "value": "150" }
    },
    {
      "type": "wokwi-led",
      "id": "led10",
      "top": -176.4,
      "left": -44.2,
      "attrs": { "color": "red" }
    },
    {
      "type": "wokwi-led",
      "id": "led11",
      "top": -176.4,
      "left": -5.8,
      "attrs": { "color": "yellow" }
    },
    {
      "type": "wokwi-led",
      "id": "led12",
      "top": -176.4,
      "left": 32.6,
      "attrs": { "color": "green" }
    },
    {
      "type": "wokwi-led",
      "id": "led14",
      "top": -262.8,
      "left": -130.6,
      "attrs": { "color": "green" }
    },
    {
      "type": "wokwi-led",
      "id": "led15",
      "top": -310.8,
      "left": -130.6,
      "attrs": { "color": "red" }
    },
    {
      "type": "wokwi-led",
      "id": "led13",
      "top": -320.4,
      "left": -25,
      "attrs": { "color": "red" }
    },
    {
      "type": "wokwi-led",
      "id": "led16",
      "top": -320.4,
      "left": 13.4,
      "attrs": { "color": "green" }
    },
    { "type": "wokwi-led", "id": "led17", "top": -234, "left": -25, "attrs": { "color": "red" } },
    {
      "type": "wokwi-led",
      "id": "led18",
      "top": -234,
      "left": 13.4,
      "attrs": { "color": "green" }
    },
    {
      "type": "wokwi-led",
      "id": "led19",
      "top": -310.8,
      "left": 119,
      "attrs": { "color": "red", "flip": "1" }
    },
    {
      "type": "wokwi-led",
      "id": "led20",
      "top": -262.8,
      "left": 119,
      "attrs": { "color": "green", "flip": "1" }
    },
    {
      "type": "wokwi-resistor",
      "id": "r7",
      "top": 368.2,
      "left": 75.95,
      "rotate": 270,
      "attrs": { "value": "150" }
    },
    {
      "type": "wokwi-resistor",
      "id": "r8",
      "top": 368.2,
      "left": 85.55,
      "rotate": 270,
      "attrs": { "value": "150" }
    },
    {
      "type": "wokwi-resistor",
      "id": "r9",
      "top": 368.2,
      "left": 114.35,
      "rotate": 270,
      "attrs": { "value": "150" }
    },
    {
      "type": "wokwi-resistor",
      "id": "r10",
      "top": 368.2,
      "left": 123.95,
      "rotate": 270,
      "attrs": { "value": "150" }
    }
  ],
  "connections": [
    [ "uno:GND.1", "led3:C", "black", [ "v-86.4", "h-239.7", "v-153.6" ] ],
    [ "uno:GND.1", "led2:C", "black", [ "v-86.4", "h-239.7", "v-201.6" ] ],
    [ "uno:GND.1", "led1:C", "black", [ "v-86.4", "h-239.7", "v-249.6" ] ],
    [ "uno:13", "r1:2", "green", [ "v0" ] ],
    [ "r1:1", "led3:A", "green", [ "h0" ] ],
    [ "uno:12", "r2:2", "green", [ "v0" ] ],
    [ "r2:1", "led2:A", "green", [ "h0", "v-9.6", "h-182.4", "v-182.4" ] ],
    [ "uno:8", "r3:2", "green", [ "v0" ] ],
    [ "r3:1", "led1:A", "green", [ "h0", "v-19.2", "h-211.2", "v-220.8" ] ],
    [ "uno:GND.1", "led5:C", "black", [ "v-86.4", "h269.1", "v-201.6" ] ],
    [ "uno:GND.1", "led4:C", "black", [ "v-86.4", "h269.1", "v-249.6" ] ],
    [ "r1:1", "led6:A", "green", [ "h201.6" ] ],
    [ "uno:7", "r4:2", "green", [ "v0" ] ],
    [ "r4:1", "led9:A", "green", [ "h0", "v-393.6", "h-28.8" ] ],
    [ "uno:4", "r5:2", "green", [ "v0" ] ],
    [ "r5:1", "led8:A", "green", [ "h0", "v-393.6", "h-86.4" ] ],
    [ "uno:2", "r6:2", "green", [ "v0" ] ],
    [ "r6:1", "led7:A", "green", [ "h-9.6", "v-393.6", "h-144" ] ],
    [ "uno:GND.1", "led7:C", "black", [ "v-86.4", "h-239.7", "v-480", "h192" ] ],
    [ "uno:GND.1", "led8:C", "black", [ "v-86.4", "h-239.7", "v-480", "h240" ] ],
    [ "uno:GND.1", "led9:C", "black", [ "v-86.4", "h-239.7", "v-480", "h278.4" ] ],
    [ "r4:1", "led12:A", "green", [ "h0", "v-48", "h-28.8" ] ],
    [ "r5:1", "led11:A", "green", [ "h0", "v-48", "h-86.4" ] ],
    [ "r6:1", "led10:A", "green", [ "h-9.6", "v-48", "h-144" ] ],
    [ "uno:GND.1", "led11:C", "black", [ "v-86.4", "h-38.1", "v-28.8", "h38.4" ] ],
    [ "uno:GND.1", "led12:C", "black", [ "v-86.4", "h-38.1", "v-28.8", "h76.8" ] ],
    [ "uno:GND.1", "led10:C", "black", [ "v-86.4", "h-38.1", "v-28.8", "h-9.6" ] ],
    [ "uno:GND.1", "led6:C", "black", [ "v-86.4", "h269.1", "v-9.6" ] ],
    [ "led5:A", "r2:1", "green", [ "v0", "h-9.6", "v316.8", "h-153.6" ] ],
    [ "led4:A", "r3:1", "green", [ "v0", "h-19.2", "v355.2", "h-105.6" ] ],
    [ "uno:GND.1", "led14:C", "black", [ "v-86.4", "h-134.1", "v-268.8" ] ],
    [ "uno:GND.1", "led15:C", "black", [ "v-86.4", "h-143.7", "v-316.8" ] ],
    [ "uno:GND.1", "led20:C", "black", [ "v-86.4", "h144.3", "v-268.8" ] ],
    [ "uno:GND.1", "led19:C", "black", [ "v-86.4", "h153.9", "v-316.8" ] ],
    [ "uno:GND.1", "led17:C", "black", [ "v-86.4", "h-57.3", "v-240", "h38.4" ] ],
    [ "uno:GND.1", "led18:C", "black", [ "v-86.4", "h-57.3", "v-230.4", "h76.8" ] ],
    [ "uno:GND.1", "led13:C", "black", [ "v-86.4", "h-57.3", "v-316.8" ] ],
    [ "uno:GND.1", "led16:C", "black", [ "v-86.4", "h-57.3", "v-316.8", "h76.8" ] ],
    [ "uno:A0", "r7:2", "green", [ "v0" ] ],
    [ "uno:A1", "r8:2", "green", [ "v0" ] ],
    [ "uno:A4", "r9:2", "green", [ "v0" ] ],
    [ "uno:A5", "r10:2", "green", [ "v0" ] ],
    [ "r7:1", "led15:A", "green", [ "h0", "v19.2", "h-192", "v-691.2" ] ],
    [ "r7:1", "led19:A", "green", [ "h0", "v19.2", "h96", "v-230.4", "h-76.8", "v-460.8" ] ],
    [ "r8:1", "led14:A", "green", [ "h0", "v28.8", "h-211.2", "v-652.8" ] ],
    [ "r8:1", "led20:A", "green", [ "h0", "v28.8", "h96", "v-249.6", "h-76.8" ] ],
    [ "r9:1", "led17:A", "green", [ "h0", "v48", "h-211.2", "v-624", "h67.2" ] ],
    [ "r9:1", "led13:A", "green", [ "h0", "v48", "h-220.8", "v-720", "h76.8" ] ],
    [ "r10:1", "led18:A", "green", [ "h0", "v57.6", "h76.8", "v-643.2", "h-192" ] ],
    [
      "r10:1",
      "led16:A",
      "green",
      [ "h0", "v67.2", "h86.4", "v-662.4", "h-182.4", "v-76.8", "h-19.2" ]
    ]
  ],
  "dependencies": {}
}